<application>
  <component name="com.intellij.ide.ui.customization.CustomActionsSchema">
    <group value="Tool_External Tools_app release" is_action="true" action_type="1" position="0">
      <path value="root" />
      <path value="Editor Popup Menu" />
      <option name="myInitialPosition" value="-1" />
    </group>
    <group value="CreateLauncherScript" is_action="true" action_type="1" position="34">
      <path value="root" />
      <path value="Editor Popup Menu" />
      <option name="myInitialPosition" value="-1" />
    </group>
  </component>
</application>